city,orders,revenue,average_order_value,average_delivery_time,average_rating,revenue_share
Hyderabad,21032,12487508.57,593.738520825409,34.72746291365538,4.527172879421833,10.857308716239334
Secunderabad,20015,11939301.9,596.5177067199601,34.60399700224831,4.528418685985511,10.380668478266585
Nizamabad,19898,11843150.65,595.1930168861193,34.772539953764195,4.522404261734848,10.2970694321598
Pune,19486,11604645.040000001,595.5375674843477,34.739607923637486,4.526706353279277,10.089699881715921
Bengaluru,17360,10287411.47,592.5928266129033,34.84470046082949,4.519429723502304,8.944426471834767
Chennai,16936,10135039.85,598.4317341757203,34.85214926783184,4.526281294284365,8.811946425181752
Vijayawada,16618,9884130.08,594.7845757612228,34.858948128535324,4.516783006378625,8.593792033732104
Visakhapatnam,16604,9860122.26,593.8401746567092,34.87623464225488,4.524108648518429,8.572918349291148
Karimnagar,16144,9608913.92,595.2003171456888,34.74399157581764,4.523346134786918,8.354504365093659
Warangal,15446,9257863.29,599.3696290301696,34.83005308817817,4.518004661401011,8.049282146940632
Mumbai,13612,8106682.25,595.5540883044373,34.874375550984425,4.525359976491331,7.048383699544296
