cuisine,orders,revenue,average_order_value,average_rating,average_delivery_time,order_share
Fast Food,26381,11206607.34,424.79842841438915,4.526249952617414,34.69220272165574,13.658225947574696
Healthy,25026,16326248.22,652.3714624790218,4.521042116199153,34.897506593143135,12.956702269209064
South Indian,23314,7873450.53,337.71341382860084,4.525791369992279,34.79471562151497,12.070349105104297
Chinese,22736,10660582.86,468.8855937719915,4.524045566502463,34.78769352568614,11.771101366288551
Biryani,21260,16408586.8,771.8055879586077,4.526020696142991,34.716133584195674,11.006932400039346
Italian,17688,17224968.11,973.8222585933967,4.521613523292628,34.849841700587966,9.15760208334412
Mexican,15904,13862275.75,871.6219661720322,4.521573189134809,34.82186871227364,8.233972384300365
Desserts,15513,6001423.49,386.8641455553407,4.526539031779797,34.747888867401535,8.031540090395598
Indian,14372,8867401.8,616.99149735597,4.5221889785694405,34.729961035346506,7.440810557543062
North Indian,10957,6583224.38,600.823617778589,4.517523044629004,34.84384411791549,5.6727637962009
