month,orders,revenue,average_order_value,average_rating
2025-01,9311,5538547.0,594.8391150252389,4.530533777252712
2025-02,8448,4978808.22,589.3475639204545,4.5224076704545455
2025-03,9371,5573195.29,594.7279148436667,4.51829047060079
2025-04,9007,5395755.94,599.062500277562,4.526734761851893
2025-05,9445,5591769.43,592.0348787718369,4.520402329274749
2025-06,8982,5410801.47,602.404973279893,4.518314406590959
2025-07,9327,5573360.12,597.5512083199314,4.527715235338265
2025-08,9533,5714128.21,599.4050361900765,4.517392216511067
2025-09,9200,5471706.49,594.7507054347826,4.524108695652174
2025-10,9371,5526856.3,589.7829794045459,4.530743784014513
2025-11,9142,5393683.99,589.9894979216801,4.519678407350689
2025-12,9491,5677475.27,598.1956874934148,4.5314824570645875
2026-01,9411,5608884.08,595.9923578790776,4.527807884390606
2026-02,8554,5088323.81,594.8473006780453,4.521148000935235
2026-03,9169,5463812.94,595.9006369287819,4.5112444105136875
2026-04,9072,5407419.78,596.0559722222223,4.53126102292769
2026-05,9346,5584848.9,597.5656858549112,4.521313931093515
2026-06,9181,5435560.99,592.04454743492,4.526151835312057
2026-07,9414,5621580.74,597.15113023157,4.521669853409815
2026-08,9359,5583105.93,596.5494101933967,4.518997756170531
2026-09,9017,5375144.38,596.1122745924365,4.529056227126539
