feature,importance
orders_fast_food,0.15083751509659218
orders_healthy,0.1454572162256202
orders_south_indian,0.12394326531700572
orders_chinese,0.12374339481556124
orders_biryani,0.10366692424134415
orders_italian,0.07794950782240834
orders_mexican,0.06442629282078838
orders_desserts,0.06417769569942372
orders_indian,0.05169904389113279
average_order_value,0.030373803795902727
orders_north_indian,0.026172709236639
total_spending,0.014506754414645188
total_orders,0.01054583837989437
average_quantity,0.005392190018204659
average_discount,0.0036332226125767135
average_distance,0.0009088362856594008
average_delivery_fee,0.000899094293776008
average_delivery_time,0.0008880431698014428
average_rating,0.0007786518630237987
