restaurant_id,orders,revenue,average_order_value,average_rating,average_delivery_time
R00246,234,147527.87,630.4609829059829,4.515384615384615,33.97435897435897
R00795,224,145460.35,649.3765625,4.5625,33.964285714285715
R00396,219,143722.92,656.2690410958904,4.578538812785388,34.49771689497717
R00508,212,142307.59,671.262216981132,4.565094339622641,34.056603773584904
R00232,226,140899.3,623.4482300884955,4.5336283185840704,34.71238938053097
R00930,223,140261.07,628.973408071749,4.525560538116592,34.79372197309417
R00675,221,139256.8,630.1212669683257,4.5312217194570135,34.88235294117647
R00101,225,139250.84,618.8926222222223,4.544888888888889,34.16
R00154,222,138744.65,624.9759009009009,4.532432432432433,34.27477477477478
R00825,217,138467.53,638.0992165898617,4.524884792626728,34.576036866359445
R00767,220,137589.64,625.4074545454546,4.5649999999999995,33.69090909090909
R00589,207,137508.28,664.2912077294686,4.571497584541063,34.231884057971016
R00801,228,137359.9,602.4557017543859,4.556140350877193,35.68421052631579
R00797,218,137166.69,629.205,4.537614678899083,34.13302752293578
R00638,208,136928.31,658.3091826923077,4.516346153846154,34.8125
R00566,223,136873.52,613.7826008968609,4.509417040358745,34.98654708520179
R00527,226,136859.85,605.5745575221239,4.490265486725663,35.783185840707965
R00916,228,136519.45,598.7695175438597,4.532456140350877,34.828947368421055
R00432,221,136483.83,617.5738914027148,4.543438914027149,34.42081447963801
R00711,209,136027.27,650.8481818181817,4.49377990430622,35.41626794258373
R00135,214,135713.26,634.1741121495328,4.497663551401869,34.94859813084112
R00379,219,135485.12,618.6535159817352,4.502739726027397,34.91324200913242
R00493,222,135300.59,609.4621171171171,4.532432432432433,33.44144144144144
R00528,212,135086.82,637.2019811320755,4.568867924528302,34.89150943396226
R00233,215,134842.82,627.1759069767443,4.497674418604651,34.53023255813954
R00890,205,134693.9,657.0434146341463,4.56780487804878,34.53658536585366
R00490,218,134361.35,616.3364678899082,4.542660550458716,33.977064220183486
R00199,221,134293.52,607.6629864253393,4.5357466063348415,34.94117647058823
R00574,222,134288.7,604.9040540540541,4.512162162162162,34.66216216216216
R00281,214,134253.36000000002,627.3521495327103,4.508878504672897,35.81308411214953
R00879,220,134220.88,610.0949090909091,4.507727272727273,33.61363636363637
R00010,226,134094.08,593.3366371681416,4.544690265486725,35.67256637168141
R00803,219,133480.97,609.5021461187215,4.5127853881278535,34.529680365296805
R00324,214,133326.89,623.0228504672898,4.566355140186916,33.86448598130841
R00821,217,133268.65,614.1412442396313,4.47926267281106,34.59907834101382
R00548,216,132943.26,615.4780555555556,4.515740740740741,35.10648148148148
R00283,212,132928.45,627.0209905660378,4.513207547169811,35.089622641509436
R00495,213,132844.53,623.6832394366197,4.513145539906103,34.629107981220656
R00061,216,132822.13,614.9172685185185,4.536574074074074,33.81018518518518
R00121,207,132765.66,641.38,4.561352657004831,33.429951690821255
R00590,219,132405.43,604.59100456621,4.524200913242009,34.68036529680365
R00630,212,132070.16,622.9724528301887,4.474056603773585,35.75
R00187,214,132048.15,617.047429906542,4.508411214953271,34.92056074766355
R00462,222,132046.45,594.8038288288288,4.511711711711712,35.41891891891892
R00715,211,132031.43,625.741374407583,4.5601895734597155,33.75355450236967
R00006,217,131975.17,608.1805069124424,4.508294930875576,35.294930875576036
R00967,220,131907.32,599.5787272727273,4.496363636363637,34.89545454545455
R00310,207,131575.12,635.6285990338164,4.51256038647343,35.17391304347826
R00558,213,131567.88,617.6895774647887,4.493896713615023,35.497652582159624
R00427,214,131563.94,614.7847663551402,4.48411214953271,35.66355140186916
R00520,218,131248.03,602.0551834862385,4.528440366972477,34.1605504587156
R00732,225,131239.24,583.2855111111111,4.562222222222222,34.28
R00605,213,131225.8,616.0835680751173,4.487793427230047,35.60093896713615
R00116,207,131221.68,633.9211594202898,4.4913043478260875,35.710144927536234
R00804,215,131210.34,610.2806511627907,4.531627906976744,34.43255813953488
R00410,211,131096.25,621.3092417061612,4.519431279620854,34.07109004739336
R00656,219,130797.28,597.2478538812785,4.549315068493151,33.5662100456621
R00125,208,130791.91,628.8072596153846,4.512019230769231,35.24519230769231
R00615,220,130720.02,594.1819090909091,4.5649999999999995,34.22727272727273
R00282,216,130695.18,605.0702777777777,4.518518518518518,34.75925925925926
R00417,218,130516.69,598.7004128440367,4.511467889908257,35.76605504587156
R00071,201,130392.44,648.7186069651741,4.5676616915422885,35.039800995024876
R00911,209,130155.81,622.7550717703349,4.4885167464114835,36.27751196172249
R00755,200,129927.44,649.6372,4.513,35.32
R00534,219,129745.79000000001,592.4465296803653,4.559360730593608,33.47945205479452
R00983,217,129635.64,597.399262672811,4.519815668202765,33.99078341013825
R00280,202,129416.01,640.6733168316831,4.556435643564356,34.915841584158414
R00964,203,129232.65,636.6140394088669,4.547290640394089,33.57142857142857
R00570,208,129117.75,620.7584134615385,4.519230769230769,35.09134615384615
R00257,212,129115.18000000001,609.0338679245283,4.521698113207547,35.31132075471698
R00051,209,129074.32,617.5804784688995,4.466028708133972,36.11483253588517
R00229,220,129050.26,586.5920909090909,4.530454545454545,34.81818181818182
R00822,203,128884.87,634.9008374384237,4.502463054187192,33.97536945812808
R00018,214,128876.92,602.2285981308411,4.530373831775701,35.21028037383178
R00922,208,128871.61,619.575048076923,4.571634615384616,33.66346153846154
R00372,218,128832.64,590.9754128440367,4.511009174311926,35.642201834862384
R00319,197,128729.79,653.4507106598984,4.511675126903553,34.70558375634518
R00683,206,128721.8,624.8631067961165,4.551456310679612,34.12135922330097
R00950,204,128695.06999999999,630.8581862745098,4.485294117647059,35.720588235294116
R00730,218,128644.26,590.1112844036697,4.5105504587155965,35.51376146788991
R00492,204,128608.92,630.4358823529411,4.501470588235294,34.57843137254902
R00312,208,128575.9,618.1533653846153,4.556730769230769,33.96153846153846
R00946,211,128425.22,608.6503317535545,4.490047393364929,34.77725118483412
R00068,213,128175.33,601.7621126760563,4.565727699530516,33.91079812206573
R00294,207,128047.03,618.5846859903381,4.544927536231884,33.94685990338164
R00241,221,127873.14,578.6114932126696,4.534841628959276,34.547511312217196
R00546,209,127838.39,611.666937799043,4.5148325358851675,35.13875598086124
R00718,206,127800.7,620.3917475728156,4.507281553398058,33.932038834951456
R00617,202,127797.82,632.6624752475248,4.533663366336634,34.960396039603964
R00561,216,127778.4,591.5666666666666,4.499074074074074,35.4212962962963
R00463,208,127776.24,614.3088461538462,4.545673076923077,34.99519230769231
R00838,203,127770.18,629.4097536945812,4.529556650246305,35.29064039408867
R00413,200,127767.87,638.83935,4.559,34.7
R00365,197,127718.59,648.3177157360406,4.536548223350254,34.9492385786802
R00074,208,127644.75,613.6766826923077,4.5125,35.0
R00147,196,127621.75,651.1313775510204,4.521428571428571,34.82142857142857
R00523,204,127580.52,625.3947058823529,4.5397058823529415,34.8578431372549
R00190,208,127560.91,613.2736057692308,4.5442307692307695,35.15384615384615
R00244,200,127501.11,637.50555,4.512,35.86
R00388,203,127457.43000000001,627.8691133004927,4.500985221674877,34.87684729064039
R00627,203,127427.26,627.7204926108374,4.52512315270936,35.04433497536946
R00021,200,127427.19,637.13595,4.512,34.655
R00575,206,127280.44,617.8662135922331,4.5276699029126215,34.213592233009706
R00425,199,127242.75,639.4108040201005,4.524120603015075,34.62814070351759
R00532,205,127196.47,620.4705853658537,4.524390243902439,35.4
R00705,202,127121.46,629.3141584158416,4.5193069306930695,35.584158415841586
R00958,200,127084.27,635.4213500000001,4.5245,34.95
R00756,203,126961.91,625.4281280788177,4.575862068965517,34.26108374384236
R00824,201,126930.13,631.493184079602,4.547761194029851,34.67164179104478
R00942,201,126908.03,631.3832338308457,4.507462686567164,34.223880597014926
R00607,223,126886.31,568.9969058295964,4.544843049327354,33.47982062780269
R00221,202,126877.86,628.1082178217822,4.533168316831683,35.51980198019802
R00569,215,126747.64,589.5239069767442,4.537674418604651,34.58139534883721
R00621,209,126719.44,606.3131100478469,4.514354066985646,35.98086124401914
R00727,208,126688.05,609.0771634615385,4.551442307692308,34.24038461538461
R00477,213,126561.27,594.1843661971831,4.527699530516432,34.53051643192488
R00873,204,126518.40000000001,620.1882352941177,4.504901960784314,36.166666666666664
R00315,209,126444.13,604.9958373205742,4.529186602870814,34.41626794258373
R00591,211,126406.44,599.0826540284361,4.543601895734597,34.279620853080566
R00033,210,126396.25,601.8869047619048,4.497619047619048,35.42857142857143
R00098,205,126334.11,616.2639512195123,4.512682926829268,34.37560975609756
R00438,212,126299.49,595.7523113207548,4.5783018867924525,33.75
R00133,195,126295.44,647.6689230769231,4.505128205128205,35.37435897435898
R00335,198,126166.61,637.205101010101,4.483333333333333,35.025252525252526
R00634,201,126150.81,627.6159701492537,4.488059701492538,35.07462686567164
R00285,216,126141.73,583.9894907407407,4.507407407407407,35.791666666666664
R00853,207,126097.42,609.1662801932367,4.484057971014493,34.932367149758456
R00045,205,125962.13,614.4494146341464,4.519024390243902,33.33170731707317
R00392,212,125937.68000000001,594.0456603773586,4.505660377358491,35.424528301886795
R00954,206,125930.39,611.3125728155339,4.560679611650485,34.23300970873787
R00403,206,125928.31,611.3024757281553,4.503398058252428,35.01456310679612
R00960,197,125864.93000000001,638.9082741116752,4.465989847715735,34.83756345177665
R00366,210,125856.45,599.3164285714286,4.501428571428571,34.46190476190476
R00747,208,125746.18000000001,604.5489423076923,4.5115384615384615,35.14903846153846
R00518,191,125734.45,658.2955497382198,4.485340314136126,35.84816753926702
R00519,192,125701.97,654.6977604166667,4.5578125,34.859375
R00688,196,125620.74,640.9221428571428,4.5377551020408164,34.17857142857143
R00690,193,125593.71,650.7446113989638,4.568911917098445,34.461139896373055
R00322,212,125575.4,592.3367924528302,4.588207547169811,33.344339622641506
R00955,200,125566.47,627.83235,4.5565,33.64
R00120,205,125534.28,612.3623414634146,4.5234146341463415,34.77560975609756
R00212,200,125444.92,627.2246,4.522,34.405
R00927,206,125438.54,608.9249514563106,4.528155339805825,33.689320388349515
R00929,203,125402.75,617.7475369458128,4.553201970443349,35.26108374384236
R00831,212,125362.79,591.3339150943395,4.4834905660377355,35.09905660377358
R00580,191,125356.65000000001,656.3175392670157,4.555497382198953,34.53403141361257
R00859,199,125195.21,629.1216582914573,4.562814070351759,34.015075376884425
R00031,217,125142.93,576.695529953917,4.526267281105991,35.11059907834101
R00228,211,125058.45,592.6940758293839,4.524170616113744,35.06635071090047
R00005,204,124994.13,612.7163235294117,4.529411764705882,34.200980392156865
R00234,194,124987.58,644.2658762886598,4.5237113402061855,33.94329896907217
R00868,196,124905.06,637.2707142857142,4.502040816326531,34.65816326530612
R00331,214,124902.36,583.6558878504673,4.525233644859813,34.57943925233645
R00631,217,124836.59,575.2838248847926,4.487096774193549,35.645161290322584
R00834,204,124809.7,611.8122549019607,4.46078431372549,35.916666666666664
R00242,203,124792.65,614.742118226601,4.521674876847291,34.49261083743843
R00169,198,124711.56999999999,629.8564141414141,4.485858585858586,35.15151515151515
R00080,211,124691.46,590.9547867298578,4.549763033175355,34.74407582938389
R00948,202,124677.53,617.215495049505,4.566336633663366,34.084158415841586
R00170,204,124615.42,610.8599019607843,4.525490196078431,35.32843137254902
R00572,192,124555.09,648.7244270833334,4.530729166666666,35.8125
R00543,196,124469.15,635.0466836734694,4.551530612244898,35.35204081632653
R00888,203,124424.49,612.9285221674877,4.560098522167488,34.847290640394085
R00273,196,124296.55,634.1660714285714,4.516836734693877,36.015306122448976
R00963,206,124273.0,603.2669902912621,4.502427184466019,35.970873786407765
R00692,204,124236.94,609.0046078431373,4.519607843137255,35.51470588235294
R00288,201,124231.08,618.0650746268657,4.5676616915422885,33.76119402985075
R00659,202,124200.32,614.8530693069307,4.545049504950495,34.613861386138616
R00684,203,124172.14,611.6854187192118,4.501970443349753,35.98029556650246
R00390,201,124115.99,617.4924875621891,4.507960199004975,35.50248756218905
R00025,198,124112.3,626.829797979798,4.56010101010101,35.05555555555556
R00183,202,124085.64,614.2853465346535,4.511386138613861,34.9009900990099
R00585,206,123983.23,601.8603398058252,4.522815533980583,34.567961165048544
R00249,196,123927.4,632.2826530612244,4.496938775510204,35.06122448979592
R00159,203,123920.55,610.4460591133005,4.541871921182266,34.58128078817734
R00606,201,123904.6,616.4407960199005,4.550746268656717,33.885572139303484
R00464,208,123895.49,595.6513942307693,4.535576923076923,34.60576923076923
R00655,197,123863.01,628.7462436548224,4.548223350253807,34.74111675126903
R00035,194,123833.43000000001,638.3166494845361,4.479896907216495,35.3041237113402
R00598,195,123748.13,634.6057948717948,4.525128205128205,34.635897435897434
R00020,192,123644.85,643.9835937500001,4.4671875000000005,35.619791666666664
R00609,208,123622.94,594.3410576923077,4.5346153846153845,34.53846153846154
R00620,191,123607.72,647.1608376963351,4.564921465968586,34.167539267015705
R00969,201,123484.25,614.3495024875622,4.4960199004975125,35.34825870646766
R00676,203,123441.06,608.0840394088669,4.54679802955665,35.02463054187192
R00289,202,123419.96,610.989900990099,4.528217821782178,34.91089108910891
R00961,203,123360.38,607.6866009852217,4.514778325123153,34.87192118226601
R00371,196,123263.13,628.8935204081633,4.558673469387755,34.02040816326531
R00862,212,123227.59,581.262216981132,4.529245283018868,35.490566037735846
R00123,201,123211.46,612.9923383084578,4.464179104477612,35.79601990049751
R00999,198,123207.97,622.2624747474747,4.542929292929293,35.398989898989896
R00042,219,123188.82,562.5060273972603,4.528310502283105,33.9634703196347
R00217,204,123129.6,603.5764705882353,4.466666666666667,36.11764705882353
R00988,207,123097.9,594.675845410628,4.532367149758454,35.65700483091788
R00415,206,123066.92,597.4122330097088,4.497087378640777,34.69417475728155
R00349,202,123014.05,608.9804455445544,4.4930693069306935,34.396039603960396
R00149,203,122873.35,605.2874384236453,4.514285714285714,35.3448275862069
R00924,211,122812.0,582.0473933649289,4.5199052132701425,34.834123222748815
R00286,220,122735.33,557.8878636363636,4.502272727272727,35.94090909090909
R00504,211,122686.91,581.4545497630332,4.544075829383886,34.43601895734597
R00307,200,122652.44,613.2622,4.5585,34.935
R00993,191,122610.27,641.9385863874346,4.505759162303665,35.654450261780106
R00248,196,122600.22,625.5113265306122,4.564795918367347,33.65816326530612
R00786,203,122562.7,603.7571428571429,4.493596059113301,35.10344827586207
R00680,215,122545.91,569.980976744186,4.540930232558139,35.21860465116279
R00421,208,122500.41,588.9442788461539,4.569230769230769,34.58173076923077
R00103,201,122493.15,609.4186567164179,4.533830845771144,34.48756218905473
R00292,194,122471.31,631.295412371134,4.568556701030928,34.58762886597938
R00478,200,122422.85,612.1142500000001,4.533,34.4
R00568,203,122320.55,602.5642857142857,4.5344827586206895,35.320197044334975
R00399,210,122269.19,582.2342380952381,4.543333333333333,34.65714285714286
R00468,211,122212.92,579.2081516587677,4.5478672985782,35.13744075829384
R00238,209,122152.53,584.4618660287081,4.555023923444976,34.60765550239235
R00271,200,122140.09,610.7004499999999,4.5235,35.38
R00889,200,122118.59,610.59295,4.4935,34.23
R00707,199,122107.87,613.6073869346734,4.490954773869347,35.89447236180904
R00058,199,122046.63,613.299648241206,4.475879396984925,35.733668341708544
R00105,199,122004.92,613.0900502512562,4.514070351758794,33.984924623115575
R00970,198,121999.37,616.1584343434344,4.482323232323233,34.984848484848484
R00148,187,121995.61,652.3829411764706,4.507486631016043,34.294117647058826
R00418,211,121943.01,577.9289573459715,4.534597156398104,33.99052132701422
R00633,198,121936.0,615.8383838383838,4.531818181818181,34.52020202020202
R00406,203,121901.33,600.4991625615763,4.488669950738917,35.87684729064039
R00677,195,121883.82,625.0452307692308,4.51948717948718,34.13333333333333
R00816,200,121883.8,609.419,4.4544999999999995,35.965
R00043,210,121861.72,580.2939047619047,4.516666666666667,35.68571428571428
R00457,197,121856.38,618.560304568528,4.498477157360407,34.766497461928935
R00759,203,121850.58,600.2491625615763,4.482266009852217,35.59113300492611
R00985,202,121833.44,603.1358415841585,4.526237623762376,35.524752475247524
R00454,204,121817.4,597.1441176470588,4.525490196078431,34.21078431372549
R00604,208,121772.57,585.4450480769231,4.548557692307693,34.31730769230769
R00956,213,121745.59,571.5755399061032,4.515023474178404,34.60093896713615
R00261,194,121741.54000000001,627.5337113402062,4.55360824742268,34.42783505154639
R00469,201,121740.52,605.6742288557214,4.547761194029851,34.62686567164179
R00064,206,121716.13,590.855,4.565533980582524,33.50485436893204
R00343,190,121698.95999999999,640.5208421052631,4.518421052631579,34.57368421052632
R00790,211,121632.35,576.4566350710901,4.482464454976303,35.74407582938389
R00498,199,121632.08,611.2164824120603,4.55427135678392,34.54773869346734
R00728,194,121590.96,626.7575257731959,4.492268041237113,35.51546391752577
R00358,222,121572.05,547.6218468468469,4.592342342342342,34.68018018018018
R00108,214,121563.5,568.053738317757,4.52803738317757,35.16822429906542
R00337,201,121557.86,604.765472636816,4.549253731343283,34.482587064676615
R00931,193,121528.26,629.6801036269429,4.54300518134715,34.97409326424871
R00827,201,121469.24,604.3245771144279,4.5497512437810945,33.89054726368159
R00497,198,121458.69,613.4277272727273,4.484343434343434,36.37373737373738
R00584,198,121456.2,613.4151515151515,4.548989898989899,35.73232323232323
R00668,212,121424.61,572.7575943396226,4.493396226415094,35.39622641509434
R00398,200,121419.18000000001,607.0959,4.527,34.1
R00987,216,121377.68000000001,561.9337037037037,4.5606481481481485,34.24074074074074
R00986,195,121349.76,622.3064615384615,4.509230769230769,33.98461538461538
R00100,206,121317.51,588.9199514563106,4.520388349514564,33.71844660194175
R00404,194,121304.45,625.2806701030928,4.524742268041237,35.03092783505155
R00734,195,121269.69,621.8958461538462,4.532307692307692,34.676923076923075
R00937,216,121238.22,561.2880555555556,4.49212962962963,34.333333333333336
R00823,215,121236.39,563.8901860465116,4.577209302325581,32.9953488372093
R00914,216,121203.52,561.1274074074074,4.546759259259259,34.398148148148145
R00957,207,121190.52,585.4614492753624,4.520772946859903,34.130434782608695
R00844,198,121186.82,612.0546464646465,4.527777777777778,34.494949494949495
R00830,203,121160.01,596.8473399014778,4.527586206896552,35.48768472906404
R00250,198,121156.93000000001,611.9036868686869,4.487878787878788,35.73232323232323
R00809,206,121148.24,588.0982524271845,4.531553398058253,33.61165048543689
R00188,205,121142.2,590.9375609756097,4.475609756097561,35.89756097560976
R00002,199,121125.72,608.671959798995,4.522613065326633,34.447236180904525
R00328,194,121100.68,624.2303092783504,4.538144329896907,34.618556701030926
R00077,203,121085.86,596.4820689655172,4.525615763546798,34.443349753694584
R00612,215,121073.23,563.1313023255814,4.523255813953488,35.032558139534885
R00106,200,121057.66,605.2883,4.5325,33.97
R00456,223,121045.76,542.8060986547085,4.520627802690583,35.053811659192824
R00710,207,121017.34,584.6248309178744,4.5082125603864736,34.68115942028985
R00032,198,120990.76,611.0644444444445,4.530808080808081,34.803030303030305
R00998,201,120960.6,601.7940298507463,4.523383084577115,34.398009950248756
R00019,196,120947.55,617.0793367346939,4.5045918367346935,33.53061224489796
R00327,191,120892.69,632.9460209424084,4.544502617801047,34.53403141361257
R00433,211,120828.75,572.6481042654028,4.485308056872038,35.84834123222749
R00393,206,120805.15,586.4327669902913,4.509708737864078,34.07281553398058
R00940,207,120745.26,583.3104347826087,4.544444444444444,34.08695652173913
R00500,210,120741.14,574.9578095238095,4.5338095238095235,34.44761904761905
R01000,205,120717.02,588.863512195122,4.530243902439024,35.453658536585365
R00338,185,120695.36,652.4073513513514,4.568648648648649,33.94054054054054
R00259,205,120694.61,588.7541951219512,4.511707317073171,35.21951219512195
R00266,195,120634.06,618.6362051282051,4.477948717948718,35.51794871794872
R00592,193,120631.46,625.0334715025907,4.526943005181347,34.64766839378238
R00757,204,120616.97,591.2596568627451,4.502450980392157,35.411764705882355
R00735,192,120615.56,628.2060416666667,4.503645833333334,37.098958333333336
R00837,198,120609.6,609.1393939393939,4.534848484848485,34.217171717171716
R00601,204,120608.63,591.2187745098039,4.525980392156862,35.63725490196079
R00941,211,120572.53,571.4337914691943,4.487677725118483,34.34123222748815
R00172,192,120571.27,627.9753645833333,4.5078125,35.125
R00743,208,120522.46,579.4349038461539,4.571153846153846,34.62980769230769
R00788,198,120499.28,608.5822222222222,4.518686868686869,34.707070707070706
R00549,201,120498.77,599.496368159204,4.571641791044776,33.08457711442786
R00272,207,120390.13,581.5948309178744,4.501932367149759,35.47826086956522
R00007,192,120375.79000000001,626.9572395833334,4.534895833333334,34.197916666666664
R00533,188,120339.04,640.1012765957446,4.517021276595745,35.65425531914894
R00387,208,120331.09,578.5148557692307,4.521153846153846,36.75961538461539
R00085,206,120284.22,583.9039805825242,4.509708737864078,35.577669902912625
R00626,212,120258.66,567.2578301886792,4.5051886792452835,35.632075471698116
R00369,181,120258.23,664.4101104972375,4.594475138121547,33.21546961325967
R00654,192,120175.6,625.9145833333333,4.534895833333334,35.40625
R00863,201,120167.28,597.8471641791044,4.578109452736318,34.014925373134325
R00488,215,120166.03,558.9117674418604,4.5344186046511625,34.13488372093023
R00275,198,120139.2,606.7636363636364,4.521717171717172,34.676767676767675
R00909,198,120134.21,606.7384343434344,4.489393939393939,36.43434343434343
R00197,190,120093.49,632.071,4.5,35.23157894736842
R00794,177,120044.48,678.2174011299435,4.528813559322034,34.68361581920904
R00326,203,120044.34,591.3514285714285,4.480295566502463,36.63054187192118
R00321,205,119985.49,585.2950731707317,4.517560975609756,34.30731707317073
R00003,202,119967.12,593.8966336633663,4.53960396039604,34.60891089108911
R00128,183,119848.98,654.9124590163934,4.529508196721311,35.333333333333336
R00306,204,119802.56,587.2674509803921,4.525980392156862,34.90196078431372
R00702,190,119796.05,630.5055263157894,4.5405263157894735,34.31578947368421
R00573,186,119792.53,644.0458602150537,4.520430107526882,34.844086021505376
R00258,198,119755.27,604.824595959596,4.521717171717172,35.30808080808081
R00729,202,119708.43,592.6159900990099,4.516831683168316,34.82673267326733
R00861,204,119663.68,586.5866666666666,4.517156862745098,35.838235294117645
R00537,205,119660.54,583.7099512195122,4.589756097560976,33.44390243902439
R00466,188,119626.24,636.3097872340426,4.559574468085106,34.08510638297872
R00430,189,119580.2,632.6994708994708,4.4640211640211644,35.44444444444444
R00237,201,119555.98,594.8058706467662,4.562686567164179,34.398009950248756
R00652,201,119536.98,594.7113432835821,4.511940298507462,34.288557213930346
R00653,196,119528.4,609.8387755102041,4.495918367346939,35.83163265306123
R00802,193,119517.14,619.2597927461139,4.5932642487046635,33.01036269430052
R00724,199,119450.82,600.2553768844222,4.534170854271356,34.391959798994975
R00686,200,119421.57,597.10785,4.4855,35.395
R00254,200,119419.19,597.09595,4.4885,35.9
R00274,196,119383.37,609.0988265306122,4.543877551020408,34.474489795918366
R00587,206,119381.41,579.5214077669904,4.516019417475728,34.407766990291265
R00407,191,119333.52,624.7828272251309,4.510994764397906,35.345549738219894
R00997,197,119317.44,605.6722842639595,4.4954314720812185,36.3248730964467
R00330,195,119261.36,611.5967179487179,4.53025641025641,34.764102564102565
R00926,206,119223.16,578.7532038834952,4.534951456310679,35.16504854368932
R00357,193,119218.7,617.7134715025907,4.481347150259067,33.79274611398964
R00449,203,119170.36,587.0461083743843,4.459113300492611,36.07881773399015
R00644,193,119106.28,617.1309844559586,4.538341968911917,33.54922279792746
R00750,202,119074.57,589.4780693069307,4.512871287128713,34.45544554455446
R00139,190,119065.15,626.6586842105263,4.474210526315789,35.39473684210526
R00150,191,119023.76,623.1610471204189,4.519371727748691,33.602094240837694
R00047,207,119018.1,574.9666666666667,4.511594202898551,34.743961352657
R00860,174,118914.77,683.4182183908047,4.496551724137931,34.99425287356322
R00297,194,118912.71,612.9521134020619,4.478865979381443,35.04639175257732
R00708,202,118907.54,588.6511881188119,4.520792079207921,34.98514851485149
R00813,201,118869.04000000001,591.3882587064677,4.4860696517412935,35.79601990049751
R00622,191,118868.0,622.3455497382199,4.531413612565445,34.56020942408377
R00968,203,118835.33,585.3957142857143,4.483251231527094,35.24630541871921
R00107,205,118771.73,579.3742926829268,4.517073170731707,34.673170731707316
R00665,200,118757.53,593.78765,4.4975,34.77
R00782,195,118747.49,608.9614871794872,4.535384615384615,34.6
R00376,196,118689.31,605.5577040816327,4.484183673469388,35.18877551020408
R00180,198,118590.49,598.9418686868687,4.502525252525253,35.196969696969695
R00216,203,118554.61,584.0128571428571,4.531527093596059,34.48768472906404
R00740,211,118538.99,561.7961611374408,4.490047393364929,35.6303317535545
R00880,206,118534.79000000001,575.4116019417476,4.529126213592233,34.616504854368934
R00270,208,118467.97,569.5575480769231,4.546153846153846,34.46634615384615
R00751,213,118436.46,556.0397183098592,4.550234741784037,34.76995305164319
R00034,202,118419.03,586.2328217821782,4.505940594059406,35.584158415841586
R00287,194,118417.73,610.4006701030928,4.545876288659794,33.03092783505155
R00227,193,118390.77,613.4236787564768,4.508290155440415,34.16062176165803
R00063,200,118380.67,591.90335,4.4785,35.445
R00507,201,118364.74,588.8793034825871,4.55273631840796,34.840796019900495
R00510,209,118287.35,565.9681818181818,4.494258373205741,35.42583732057416
R00342,206,118287.04,574.208932038835,4.553883495145631,33.83495145631068
R00445,194,118279.62,609.6887628865979,4.538144329896907,33.649484536082475
R00691,206,118244.32,574.0015533980583,4.5092233009708735,35.271844660194176
R00143,209,118223.23,565.6613875598086,4.517224880382775,34.68421052631579
R00075,198,118223.0,597.0858585858585,4.516666666666667,34.898989898989896
R00651,191,118199.42,618.8451308900524,4.542408376963351,33.46596858638743
R00979,187,118199.16,632.0810695187166,4.464171122994652,36.1764705882353
R00586,201,118180.51,587.9627363184079,4.473134328358209,35.40298507462686
R00362,193,118179.70999999999,612.330103626943,4.494300518134715,35.06217616580311
R00127,202,118158.75,584.9443069306931,4.522277227722772,33.99009900990099
R00408,196,118144.0,602.7755102040817,4.514795918367347,35.244897959183675
R00499,198,118142.61,596.6798484848484,4.527272727272727,35.17171717171717
R00262,190,118132.85,621.7518421052632,4.516315789473684,34.5
R00344,186,118115.45,635.0293010752688,4.513978494623656,35.655913978494624
R00737,198,118113.8,596.5343434343434,4.518686868686869,34.196969696969695
R00052,200,118092.22,590.4611,4.5245,34.845
R00351,200,118085.68000000001,590.4284,4.497,34.895
R00083,199,118058.11,593.2568341708543,4.517587939698492,35.45226130653266
R00026,212,118056.49,556.8702358490566,4.506603773584906,34.56132075471698
R00027,201,118016.05,587.1445273631841,4.533830845771144,34.711442786069654
R00739,193,118014.06,611.4718134715026,4.557512953367876,33.932642487046635
R00579,193,117952.87,611.1547668393782,4.564248704663212,34.751295336787564
R00787,190,117952.17,620.8008947368421,4.517894736842105,35.3
R00239,190,117935.1,620.7110526315789,4.536315789473684,34.526315789473685
R00661,197,117927.24,598.6154314720812,4.503045685279188,34.84263959390863
R00097,199,117919.82,592.5619095477388,4.498994974874372,36.27638190954774
R00588,197,117902.42,598.4894416243654,4.535532994923858,34.79187817258883
R00465,191,117890.84,617.2295287958115,4.523560209424084,34.261780104712045
R00866,203,117869.59,580.6383743842364,4.505911330049261,33.94088669950739
R00778,195,117863.03,604.4257948717949,4.513333333333334,35.343589743589746
R00687,210,117826.41,561.0781428571429,4.49952380952381,34.87619047619047
R00176,184,117818.74,640.3192391304348,4.491304347826087,35.67391304347826
R00409,189,117791.05,623.2330687830688,4.560846560846561,34.264550264550266
R00156,202,117740.77,582.875099009901,4.5292079207920795,34.381188118811885
R00666,188,117687.07,625.9950531914894,4.509574468085106,35.361702127659576
R00506,208,117659.25,565.6694711538462,4.535576923076923,34.63942307692308
R00883,197,117633.81,597.1259390862944,4.5086294416243655,35.411167512690355
R00440,191,117602.97,615.7223560209425,4.530890052356021,34.72774869109948
R00113,217,117580.6,541.8460829493088,4.517511520737327,34.84331797235023
R00230,182,117576.83,646.0265384615385,4.512637362637363,35.47802197802198
R00614,196,117573.08,599.8626530612245,4.505102040816326,35.33673469387755
R00608,209,117561.4,562.4947368421052,4.574162679425838,33.95693779904306
R00295,200,117560.3,587.8015,4.541,34.42
R00577,203,117537.91,579.0044827586207,4.504926108374384,35.13300492610838
R00049,208,117497.35,564.8911057692308,4.504326923076923,34.38461538461539
R00855,197,117463.39,596.2608629441625,4.538578680203046,35.01015228426396
R00885,200,117460.87,587.30435,4.5280000000000005,34.885
R00471,190,117458.58,618.203052631579,4.520526315789474,35.37894736842105
R00347,183,117433.53,641.7132786885246,4.533333333333333,34.278688524590166
R00050,190,117390.35,617.843947368421,4.552105263157895,33.636842105263156
R00618,179,117387.72,655.7973184357542,4.535754189944134,34.675977653631286
R00374,197,117308.32,595.4737055837563,4.5284263959390865,34.09644670050761
R00741,186,117301.41,630.6527419354838,4.540322580645161,34.634408602150536
R00596,199,117275.75,589.3253768844221,4.533668341708543,34.73869346733668
R00313,188,117272.08,623.7876595744681,4.506914893617021,34.776595744680854
R00024,187,117266.48,627.0934759358289,4.51283422459893,35.60427807486631
R00391,202,117231.73,580.355099009901,4.473267326732674,36.381188118811885
R00134,201,117199.91,583.0841293532338,4.5308457711442784,34.88059701492537
R00112,205,117173.61,571.5785853658537,4.515121951219513,35.53170731707317
R00040,196,117142.1,597.6637755102041,4.5081632653061225,35.183673469387756
R00265,192,117112.71,609.96203125,4.481770833333333,35.619791666666664
R00491,196,117102.16,597.46,4.463775510204082,35.70918367346939
R00567,185,117078.64,632.8575135135135,4.474054054054054,35.616216216216216
R00742,194,116999.68,603.0911340206185,4.586082474226805,33.855670103092784
R00939,199,116963.52,587.7563819095477,4.537185929648241,34.869346733668344
R00650,204,116932.51,573.1985784313725,4.537254901960784,34.73039215686274
R00517,201,116926.97,581.7262189054726,4.523880597014925,34.78109452736319
R00981,209,116882.49,559.2463636363636,4.538755980861244,34.74162679425837
R00145,197,116875.35,593.2758883248731,4.527918781725888,34.005076142131976
R00458,190,116815.93,614.8206842105262,4.54,34.66842105263158
R00557,191,116800.06999999999,611.5186910994764,4.510471204188482,35.544502617801044
R00647,192,116771.41,608.1844270833334,4.5062500000000005,35.130208333333336
R00028,189,116753.77,617.7448148148148,4.515343915343915,35.08465608465608
R00092,209,116741.97,558.574019138756,4.493301435406699,35.421052631578945
R00276,205,116728.36,569.4066341463415,4.500487804878049,35.926829268292686
R00194,199,116708.04,586.4725628140703,4.554773869346733,34.36683417085427
R00701,202,116639.83,577.424900990099,4.582178217821783,33.301980198019805
R00175,179,116621.41,651.5162569832403,4.568715083798883,33.89385474860335
R00489,187,116620.08,623.6367914438503,4.476470588235294,35.42780748663102
R00215,189,116502.25,616.4140211640212,4.515873015873016,34.86243386243386
R00451,194,116454.04000000001,600.278556701031,4.484536082474227,35.70618556701031
R00529,201,116417.16,579.1898507462687,4.475124378109452,36.22885572139303
R00538,200,116375.08,581.8754,4.545,34.115
R00072,188,116371.4,618.9968085106383,4.58031914893617,33.65425531914894
R00841,199,116357.71,584.7121105527639,4.466331658291457,35.35678391959799
R00673,195,116299.33,596.4068205128206,4.496923076923077,35.707692307692305
R00290,190,116286.56,612.0345263157894,4.526315789473684,34.77894736842105
R00556,185,116285.06,628.5678918918919,4.528648648648648,34.475675675675674
R00905,195,116273.6,596.2748717948718,4.521025641025641,35.16923076923077
R00336,203,116262.2,572.720197044335,4.541379310344827,34.97536945812808
R00817,195,116227.84,596.0402051282051,4.511794871794872,34.61538461538461
R00483,204,116220.42,569.7079411764706,4.481862745098039,35.1764705882353
R00496,179,116216.96,649.2567597765363,4.579888268156425,34.11173184357542
R00725,171,116181.2,679.4222222222222,4.5286549707602335,34.76608187134503
R00087,201,116159.18000000001,577.906368159204,4.554726368159204,34.06467661691542
R00989,192,116141.09,604.9015104166666,4.5390625,34.1875
R00029,198,116104.02,586.3839393939394,4.5353535353535355,34.10606060606061
R00525,197,116087.6,589.2771573604061,4.501522842639593,34.390862944162436
R00635,198,116084.86,586.2871717171718,4.548989898989899,34.09090909090909
R00878,199,116056.33,583.1976381909548,4.49145728643216,34.46733668341709
R00995,196,116018.61,591.9316836734694,4.523469387755102,35.892857142857146
R00431,202,115971.97,574.1186633663366,4.532673267326733,34.62376237623762
R00207,188,115965.55,616.8380319148936,4.5457446808510635,33.829787234042556
R00978,196,115961.28,591.6391836734693,4.566836734693878,34.79081632653061
R00762,191,115959.97,607.1202617801047,4.504188481675392,34.87434554973822
R00671,195,115953.25,594.6320512820513,4.5379487179487175,34.13846153846154
R00144,206,115919.6,562.716504854369,4.559708737864077,33.189320388349515
R00849,201,115879.5,576.5149253731344,4.54228855721393,33.88059701492537
R00355,187,115857.96,619.56128342246,4.520320855614973,35.12299465240642
R00340,186,115851.1,622.855376344086,4.51989247311828,34.36021505376344
R00070,192,115838.92,603.3277083333334,4.4859374999999995,34.255208333333336
R00192,190,115826.25,609.6118421052631,4.5405263157894735,34.56315789473684
R00213,189,115821.04,612.8097354497354,4.482010582010582,35.06878306878307
R00836,198,115702.25,584.354797979798,4.528787878787879,34.21212121212121
R00302,199,115633.96,581.075175879397,4.564321608040201,35.01005025125628
R00439,201,115606.32,575.1558208955224,4.4995024875621885,35.18407960199005
R00436,196,115533.14,589.4547959183674,4.531632653061225,35.10204081632653
R00976,195,115513.97,592.3793333333333,4.54051282051282,35.364102564102566
R00090,193,115499.42,598.4425906735751,4.524870466321243,34.575129533678755
R00667,193,115485.71,598.3715544041451,4.546632124352332,34.58549222797927
R00093,190,115464.93000000001,607.7101578947369,4.474210526315789,35.54736842105263
R00846,191,115446.49,604.431884816754,4.528795811518324,35.204188481675395
R00015,198,115437.24,583.0163636363636,4.589898989898989,33.015151515151516
R00201,189,115412.95,610.6505291005291,4.5359788359788356,34.04761904761905
R00009,197,115406.01,585.81730964467,4.551776649746193,34.33502538071066
R00962,180,115378.56,640.992,4.522777777777778,34.41111111111111
R00356,185,115361.69,623.5767027027027,4.524324324324325,35.83783783783784
R00252,190,115358.66,607.1508421052632,4.525789473684211,34.473684210526315
R00848,191,115345.9,603.9052356020942,4.509947643979057,35.60732984293194
R00869,198,115327.09,582.4600505050505,4.486868686868687,34.13131313131313
R00994,193,115248.74,597.1437305699482,4.540932642487046,33.74611398963731
R00828,186,115210.89,619.4133870967742,4.555376344086021,34.23118279569893
R00088,191,115191.11,603.0948167539267,4.522513089005235,34.90575916230367
R00610,180,115186.26,639.9236666666667,4.524444444444445,33.80555555555556
R00353,196,115184.92,587.6781632653061,4.5081632653061225,35.0
R00475,184,115161.91,625.8799456521739,4.545108695652174,34.16304347826087
R00571,204,115157.09,564.4955392156862,4.504411764705882,36.083333333333336
R00013,200,115155.1,575.7755000000001,4.511,35.36
R00524,191,115134.83,602.8001570680628,4.549738219895288,33.225130890052355
R00898,201,115111.76,572.6953233830845,4.49452736318408,34.90049751243781
R00158,200,115097.11,575.48555,4.551,33.85
R00505,200,115053.99,575.26995,4.51,33.885
R00008,197,115024.8,583.882233502538,4.56497461928934,33.974619289340104
R00973,197,114951.58,583.5105583756346,4.527918781725888,34.868020304568525
R00153,196,114950.0,586.4795918367347,4.5045918367346935,34.61224489795919
R00512,200,114912.77,574.56385,4.5385,34.45
R00871,185,114906.83,621.118,4.544864864864865,34.76216216216216
R00645,203,114883.38,565.9279802955665,4.539901477832513,33.94088669950739
R00594,206,114880.21,557.6709223300971,4.548543689320389,34.20388349514563
R00511,193,114865.97,595.1604663212436,4.525388601036269,35.24352331606217
R00764,179,114816.14,641.4309497206704,4.508938547486034,34.3463687150838
R00640,203,114775.92,565.3986206896552,4.510837438423645,34.857142857142854
R00240,206,114769.53,557.133640776699,4.532038834951456,35.64563106796116
R00185,191,114764.03,600.8587958115183,4.492670157068063,35.287958115183244
R00256,192,114728.31,597.54328125,4.590625,33.286458333333336
R00174,200,114679.25,573.39625,4.533,35.55
R00992,189,114644.35,606.5838624338625,4.516402116402117,34.264550264550266
R00487,187,114591.27,612.7875401069518,4.524598930481283,34.529411764705884
R00054,199,114469.83,575.2252763819096,4.585929648241206,33.69346733668342
R00900,187,114463.81,612.105935828877,4.5326203208556155,34.95187165775401
R00459,197,114421.43000000001,580.8194416243655,4.526903553299492,35.233502538071065
R00723,184,114342.34,621.4257608695652,4.467391304347826,36.84782608695652
R00155,183,114339.83,624.8078142076503,4.436065573770492,37.36065573770492
R00966,196,114297.12,583.1485714285714,4.489285714285714,32.70918367346939
R00542,189,114291.43,604.7165608465608,4.5243386243386245,35.19047619047619
R00780,192,114283.43000000001,595.2261979166667,4.5984375,33.057291666666664
R00733,188,114280.04,607.8725531914894,4.5212765957446805,35.398936170212764
R00698,183,114259.24,624.3674316939891,4.537704918032786,34.98360655737705
R00364,199,114188.16,573.8098492462311,4.501507537688442,35.30653266331658
R00481,205,114091.59,556.5443414634146,4.548292682926829,34.453658536585365
R00814,197,114056.09,578.964923857868,4.484263959390863,34.75126903553299
R00474,202,114034.24,564.5259405940594,4.5193069306930695,33.663366336633665
R00886,188,114023.56,606.5082978723404,4.483510638297872,35.3936170212766
R00467,176,114018.62000000001,647.8330681818182,4.488636363636363,34.54545454545455
R00829,191,113988.47,596.798272251309,4.547643979057591,34.40837696335078
R00818,195,113971.1,584.4671794871795,4.556923076923077,34.54871794871795
R00565,183,113967.7,622.7743169398907,4.534972677595628,34.557377049180324
R00660,189,113940.43000000001,602.859417989418,4.526455026455026,34.354497354497354
R00776,187,113848.08,608.8132620320856,4.561497326203209,34.294117647058826
R00164,201,113828.89,566.3128855721393,4.517412935323383,34.12935323383085
R00314,198,113807.78,574.7867676767677,4.528282828282828,34.83838383838384
R00842,193,113785.79000000001,589.5636787564767,4.5025906735751295,34.47150259067357
R00703,194,113773.43000000001,586.4609793814434,4.521134020618557,34.41237113402062
R00191,194,113769.92,586.4428865979381,4.525773195876289,34.25773195876289
R00225,204,113768.75,557.6899509803922,4.531372549019608,35.19607843137255
R00720,200,113766.63,568.83315,4.5665,33.96
R00972,187,113749.92,608.2883422459893,4.491978609625669,35.155080213903744
R00913,185,113705.89,614.6264324324325,4.603783783783784,32.98918918918919
R00226,193,113704.35,589.1417098445596,4.541968911917099,34.409326424870464
R00318,183,113701.7,621.3207650273224,4.490710382513661,35.78142076502732
R00476,192,113674.15,592.0528645833333,4.525520833333333,34.484375
R00066,195,113648.97,582.8152307692308,4.532307692307692,33.76923076923077
R00473,200,113646.92,568.2346,4.5355,34.37
R00864,196,113644.4,579.8183673469388,4.547448979591836,35.224489795918366
R00245,188,113627.8,604.4031914893617,4.51436170212766,36.01063829787234
R00341,201,113606.89,565.208407960199,4.509950248756219,35.885572139303484
R00807,188,113604.35,604.2784574468085,4.488829787234042,35.6968085106383
R00325,184,113596.09,617.3700543478261,4.52554347826087,35.34239130434783
R00602,192,113572.24,591.5220833333334,4.536979166666667,33.869791666666664
R00138,203,113548.63,559.3528571428571,4.556650246305419,33.58128078817734
R00531,191,113494.79000000001,594.2135602094241,4.570157068062827,34.8848167539267
R00858,191,113483.36,594.1537172774869,4.541884816753926,35.64397905759162
R00435,196,113470.83,578.9328061224489,4.491326530612245,35.17857142857143
R00982,185,113418.87,613.074972972973,4.518918918918919,35.21081081081081
R00984,178,113369.21,636.9056741573035,4.55505617977528,34.6123595505618
R00161,195,113318.89,581.1225128205128,4.577948717948718,34.99487179487179
R00177,192,113302.13,590.1152604166667,4.561458333333333,33.921875
R00923,197,113273.39,574.9918274111675,4.565989847715736,33.7258883248731
R00296,187,113232.36,605.5206417112299,4.517647058823529,34.893048128342244
R00243,187,113210.15,605.401871657754,4.523529411764706,34.481283422459896
R00657,174,113196.86,650.5566666666666,4.51264367816092,35.11494252873563
R00850,193,113164.53,586.3447150259067,4.469430051813472,35.248704663212436
R00037,192,113094.18000000001,589.0321875000001,4.530208333333333,34.635416666666664
R00908,187,113075.74,604.6831016042781,4.568983957219252,33.55080213903744
R00304,197,113062.0,573.9187817258884,4.570558375634517,33.964467005076145
R00298,180,113048.22,628.0456666666666,4.520555555555556,34.166666666666664
R00367,183,113026.61,617.6317486338797,4.53879781420765,35.63387978142077
R00142,191,112996.3,591.603664921466,4.523036649214659,35.15183246073298
R00494,188,112923.88,600.6589361702128,4.556914893617021,34.420212765957444
R00851,189,112921.48,597.4681481481481,4.519047619047619,34.523809523809526
R00704,195,112898.02,578.9642051282051,4.5312820512820515,33.93333333333333
R00082,194,112877.85,581.8445876288661,4.529381443298969,34.97938144329897
R00434,183,112814.53,616.4728415300547,4.533879781420765,33.87978142076503
R00202,182,112788.83,619.7188461538461,4.541758241758242,34.714285714285715
R00014,180,112757.68000000001,626.4315555555556,4.536666666666667,35.144444444444446
R00991,200,112718.07,563.5903500000001,4.555,32.85
R00641,202,112713.68000000001,557.9885148514852,4.501980198019802,34.73762376237624
R00933,191,112596.72,589.5116230366492,4.516753926701571,34.33507853403141
R00308,187,112587.76,602.0735828877005,4.5326203208556155,34.20320855614973
R00887,192,112500.62,585.9407291666666,4.5125,34.859375
R00205,186,112486.49,604.7660752688172,4.504301075268817,34.46774193548387
R00619,195,112483.19,576.8368717948719,4.523076923076923,35.43589743589744
R00184,191,112460.58,588.7988481675393,4.545549738219895,34.15183246073298
R00151,200,112458.43,562.29215,4.531000000000001,34.91
R00893,199,112410.35,564.8761306532664,4.540201005025126,35.54271356783919
R00099,199,112399.65,564.8223618090452,4.514070351758794,34.231155778894475
R00581,179,112392.62,627.8917318435754,4.489944134078213,34.81005586592179
R00193,196,112322.24,573.0726530612245,4.522448979591837,35.0
R00437,184,112310.19,610.3814673913043,4.503260869565217,34.80978260869565
R00603,190,112308.04,591.094947368421,4.562105263157894,34.37894736842105
R00932,187,112291.75,600.49064171123,4.540641711229947,35.18716577540107
R00046,191,112255.87,587.7270680628272,4.510994764397906,33.638743455497384
R00348,187,112187.19,599.9314973262033,4.483422459893048,35.663101604278076
R00284,179,112148.53,626.5281005586592,4.531284916201117,35.64804469273743
R00945,170,112109.84,659.4696470588235,4.529411764705882,35.12352941176471
R00553,204,112107.09,549.5445588235294,4.533823529411765,34.05392156862745
R00079,191,112103.72,586.9304712041885,4.570157068062827,33.303664921465966
R00760,189,112071.22,592.969417989418,4.4910052910052904,35.20634920634921
R00550,178,112048.34,629.4850561797753,4.484831460674157,34.61797752808989
R00784,191,112047.9,586.6382198952879,4.546596858638743,34.397905759162306
R00706,183,112047.44,612.2810928961749,4.53224043715847,34.85792349726776
R00752,186,112038.63,602.3582258064516,4.51505376344086,34.1505376344086
R00206,182,112014.54,615.4645054945055,4.528021978021978,35.47802197802198
R00162,205,112013.44,546.4070243902439,4.524390243902439,34.65365853658537
R00081,203,112002.42,551.7360591133005,4.554187192118227,34.33990147783251
R00129,183,111989.88,611.9665573770492,4.498907103825136,36.90710382513661
R00840,192,111956.39,583.1061979166667,4.501041666666667,34.442708333333336
R00345,199,111938.77,562.5063819095477,4.509045226130653,34.67336683417086
R00551,195,111931.43,574.0073333333333,4.563589743589744,34.01538461538462
R00311,182,111931.06,615.0058241758242,4.546153846153846,33.60989010989011
R00938,200,111927.31,559.6365499999999,4.494,34.32
R00065,194,111892.9,576.7675257731959,4.544845360824742,35.175257731958766
R00773,202,111881.76,553.870099009901,4.5,34.366336633663366
R00623,206,111875.31,543.0840291262136,4.532038834951456,35.067961165048544
R00792,189,111874.27,591.9273544973545,4.534920634920635,33.883597883597886
R00918,193,111856.12,579.5653886010363,4.5310880829015545,34.69430051813472
R00012,188,111843.91,594.914414893617,4.536170212765957,34.744680851063826
R00186,193,111843.4,579.4994818652849,4.53419689119171,34.170984455958546
R00649,186,111803.7,601.0951612903226,4.555376344086021,34.11290322580645
R00772,189,111768.67,591.3686243386244,4.5169312169312175,35.7037037037037
R00917,193,111751.13,579.0213989637306,4.521243523316063,35.64766839378238
R00209,193,111748.73,579.0089637305699,4.501036269430052,35.73575129533679
R00397,188,111730.91,594.3133510638298,4.520744680851064,34.36702127659574
R00777,185,111702.16,603.7954594594595,4.5027027027027025,34.443243243243245
R00235,199,111684.35,561.2278894472362,4.548743718592965,33.25125628140704
R00826,191,111662.23,584.6190052356021,4.521989528795812,35.089005235602095
R00429,181,111618.2,616.675138121547,4.557458563535912,34.209944751381215
R00383,196,111589.66,569.335,4.516326530612245,34.142857142857146
R00897,193,111554.74,578.0038341968913,4.49119170984456,34.870466321243526
R00067,190,111541.23,587.0591052631579,4.516315789473684,36.126315789473686
R00925,172,111500.68,648.2597674418604,4.523255813953488,34.25581395348837
R00453,184,111381.0,605.3315217391304,4.55,34.89673913043478
R00426,188,111328.38,592.1722340425532,4.566489361702128,34.17553191489362
R00146,182,111254.85,611.2903846153846,4.564285714285715,33.39010989010989
R00597,185,111237.35,601.282972972973,4.558918918918919,34.61081081081081
R00395,202,111223.63,550.6120297029703,4.5232673267326735,35.01980198019802
R00753,193,111214.89,576.2429533678757,4.53419689119171,34.50777202072539
R00152,188,111205.24,591.5172340425532,4.516489361702128,34.441489361702125
R00636,196,111187.1,567.2811224489797,4.545918367346939,33.88265306122449
R00738,197,111159.1,564.2593908629442,4.542639593908629,33.92893401015228
R00179,195,111155.93000000001,570.0304102564103,4.515897435897436,36.5025641025641
R00856,196,111135.89,567.0198469387755,4.5137755102040815,35.39795918367347
R00882,190,111081.99,584.642052631579,4.516315789473684,35.36842105263158
R00637,186,111008.34,596.8190322580645,4.538172043010753,34.736559139784944
R00091,180,110979.95,616.5552777777777,4.511666666666667,35.57222222222222
R00394,186,110950.66,596.5089247311828,4.565591397849462,33.74731182795699
R00231,191,110946.38,580.8710994764398,4.475392670157068,34.769633507853406
R00906,183,110944.04000000001,606.2515846994536,4.478688524590164,36.830601092896174
R00953,204,110909.7,543.675,4.5284313725490195,35.509803921568626
R00479,181,110897.67,612.6943093922652,4.56353591160221,34.92265193370166
R00482,185,110874.93,599.3239459459459,4.5124324324324325,35.1945945945946
R00309,196,110844.56,565.5334693877551,4.504081632653061,34.525510204081634
R00996,185,110842.96,599.1511351351352,4.491891891891892,35.8
R00470,190,110830.98,583.320947368421,4.475263157894736,35.72631578947368
R00670,196,110800.08,565.306530612245,4.500510204081633,35.57142857142857
R00378,193,110799.94,574.0929533678757,4.555958549222797,33.362694300518136
R00522,184,110750.03,601.9023369565217,4.564130434782609,34.72282608695652
R00806,186,110680.86,595.0583870967741,4.576344086021505,34.494623655913976
R00799,182,110670.59,608.0801648351649,4.542857142857143,33.285714285714285
R00163,187,110668.51,591.8102139037433,4.528877005347593,33.86096256684492
R00424,193,110653.51,573.3342487046632,4.53678756476684,33.5440414507772
R00921,190,110617.45,582.1971052631578,4.573684210526316,32.96842105263158
R00628,175,110616.03,632.0916,4.562857142857143,35.0
R00744,195,110583.51,567.094923076923,4.523589743589744,35.5025641025641
R00643,193,110582.61,572.9668911917098,4.5124352331606215,35.056994818652846
R00118,183,110556.5,604.1338797814208,4.577595628415301,33.31693989071038
R00766,189,110537.61,584.8550793650794,4.5359788359788356,35.73015873015873
R00769,186,110515.09,594.1671505376344,4.531182795698925,34.96774193548387
R00678,193,110485.61,572.4643005181347,4.498963730569948,34.538860103626945
R00910,200,110408.89,552.04445,4.533,33.605
R00745,191,110378.63,577.8985863874345,4.516753926701571,34.72251308900523
R00599,192,110346.07,574.7191145833334,4.472916666666666,36.119791666666664
R00264,182,110331.31,606.215989010989,4.5346153846153845,33.84065934065934
R00663,191,110285.47,577.4108376963351,4.495287958115183,36.225130890052355
R00975,192,110283.17,574.3915104166666,4.535416666666666,34.994791666666664
R00455,187,110217.87,589.4003743315508,4.514438502673797,35.72192513368984
R00136,185,110215.62,595.760108108108,4.5464864864864865,36.11891891891892
R00516,182,110212.33,605.5622527472527,4.478571428571429,34.89010989010989
R00414,192,110194.71,573.93078125,4.565625,34.119791666666664
R00847,181,110172.48,608.6877348066298,4.569613259668508,33.56353591160221
R00700,196,110146.74,561.9731632653062,4.531122448979592,33.69387755102041
R00405,185,110144.20999999999,595.3741081081081,4.557297297297297,35.65945945945946
R00714,191,110109.39,576.4889528795811,4.547643979057591,35.010471204188484
R00559,189,110092.58,582.5004232804233,4.496296296296296,35.645502645502646
R00600,202,110085.38,544.9771287128713,4.50940594059406,35.227722772277225
R00044,187,110060.08,588.556577540107,4.506951871657754,34.775401069518715
R00023,168,110038.18000000001,654.9891666666667,4.530952380952381,34.779761904761905
R00697,173,109926.08,635.4108670520231,4.527167630057804,35.96531791907515
R00791,191,109889.54,575.3379057591623,4.5869109947643985,33.769633507853406
R00057,199,109886.64,552.1941708542713,4.5246231155778895,34.437185929648244
R00166,171,109849.0,642.3918128654971,4.54327485380117,33.619883040935676
R00267,191,109830.15000000001,575.0269633507854,4.491623036649215,35.61256544502618
R00305,182,109812.27,603.364120879121,4.502197802197802,36.043956043956044
R00350,177,109796.63,620.3199435028249,4.51864406779661,35.07344632768361
R00501,188,109781.05,583.9417553191489,4.538297872340426,33.648936170212764
R00560,189,109770.87,580.7982539682539,4.526984126984127,34.783068783068785
R00892,178,109728.6,616.4528089887641,4.49438202247191,34.342696629213485
R00521,204,109709.08,537.7896078431372,4.549509803921569,34.0
R00582,194,109700.19,565.4648969072165,4.534020618556701,34.96907216494845
R00269,189,109692.8,580.3851851851852,4.564021164021164,34.645502645502646
R00211,182,109658.25,602.5178571428571,4.542857142857143,35.46153846153846
R00346,184,109636.72,595.8517391304348,4.571195652173913,33.766304347826086
R00642,175,109630.42,626.4595428571429,4.568,33.988571428571426
R00360,184,109629.85,595.8144021739131,4.4820652173913045,35.60326086956522
R00384,187,109623.25,586.2205882352941,4.512299465240641,35.037433155080215
R00030,176,109617.35,622.8258522727273,4.517045454545454,35.55681818181818
R00977,180,109613.93,608.9662777777777,4.493888888888889,36.43888888888889
R00485,170,109570.19,644.5305294117647,4.539411764705883,35.10588235294118
R00301,182,109553.59,601.9428021978022,4.506043956043956,34.94505494505494
R00277,177,109520.59,618.760395480226,4.501129943502825,35.46892655367232
R00632,194,109486.22,564.3619587628866,4.567525773195876,33.11340206185567
R00854,191,109474.34,573.1640837696335,4.598429319371728,33.18848167539267
R00359,179,109442.41,611.4101117318436,4.512290502793296,34.21787709497207
R00208,178,109437.04,614.8148314606741,4.524719101123595,35.28089887640449
R00959,185,109340.63,591.0304324324325,4.5010810810810815,35.33513513513513
R00896,186,109324.3,587.7650537634408,4.497849462365592,35.0
R00333,171,109284.32,639.0895906432748,4.519883040935673,35.292397660818715
R00219,198,109280.51,551.9217676767677,4.496969696969697,34.77777777777778
R00789,193,109274.7,566.1901554404145,4.5310880829015545,34.29015544041451
R00039,182,109262.14,600.3414285714285,4.506043956043956,35.252747252747255
R00165,195,109204.27,560.0218974358975,4.524102564102565,35.635897435897434
R00839,185,109170.21,590.1092432432433,4.528648648648648,35.24324324324324
R00779,179,109151.36,609.7841340782123,4.528491620111732,36.642458100558656
R00419,184,109112.19,593.0010326086957,4.530978260869565,35.31521739130435
R00770,184,109111.11,592.9951630434782,4.4831521739130435,35.30434782608695
R00117,181,109088.55,602.6991712707182,4.476795580110497,36.11602209944751
R00084,182,109077.12,599.3248351648351,4.536813186813187,35.03846153846154
R00303,180,109031.68,605.7315555555555,4.498888888888889,35.50555555555555
R00765,187,109030.5,583.0508021390374,4.500534759358289,35.46524064171123
R00086,188,109010.41,579.8426063829787,4.513829787234043,34.441489361702125
R00639,199,108973.17,547.6038693467336,4.533165829145728,34.1608040201005
R00041,184,108969.82,592.2272826086956,4.51304347826087,33.93478260869565
R00317,194,108942.94,561.5615463917526,4.517525773195876,34.55670103092783
R00593,171,108905.09,636.8718713450293,4.485380116959064,36.32163742690059
R00624,202,108846.72,538.8451485148515,4.4747524752475245,34.415841584158414
R00124,189,108829.41,575.8169841269842,4.520634920634921,34.957671957671955
R00611,194,108799.49,560.8221134020619,4.485051546391753,35.91752577319588
R00402,184,108793.62,591.2696739130434,4.553804347826087,34.01086956521739
R00515,187,108740.73,581.5012299465241,4.564171122994653,34.42245989304813
R00198,190,108712.08,572.1688421052631,4.475789473684211,34.757894736842104
R00783,186,108624.73,584.0039247311828,4.520430107526882,34.295698924731184
R00059,188,108572.73,577.5145212765957,4.521808510638298,35.808510638297875
R00761,180,108459.39,602.5521666666666,4.537222222222223,34.477777777777774
R00812,185,108303.03,585.4217837837838,4.47945945945946,34.25945945945946
R00218,174,108284.53,622.3248850574713,4.470689655172413,35.695402298850574
R00447,190,108282.06,569.9055789473684,4.569473684210527,33.36842105263158
R00951,186,108267.43000000001,582.0829569892474,4.5317204301075265,34.774193548387096
R00876,182,108205.68,594.5367032967033,4.504945054945055,33.862637362637365
R00428,177,108134.72,610.9306214689266,4.494915254237288,34.76836158192091
R00562,181,108039.7,596.9044198895027,4.5,34.9060773480663
R00069,186,107985.63,580.5679032258065,4.5102150537634405,34.29032258064516
R00874,173,107960.44,624.0487861271677,4.553179190751445,34.994219653179194
R00646,174,107960.41,620.4621264367817,4.498275862068966,35.28735632183908
R00771,177,107939.14,609.8256497175141,4.495480225988701,34.98870056497175
R00204,197,107938.96,547.913502538071,4.526395939086295,34.20812182741117
R00613,184,107894.14,586.3811956521739,4.548913043478261,35.03260869565217
R00664,178,107837.0,605.8258426966293,4.537078651685394,34.337078651685395
R00160,191,107812.14,564.4614659685864,4.531937172774869,35.303664921465966
R00400,188,107772.99,573.260585106383,4.503191489361702,34.611702127659576
R00990,188,107742.32,573.0974468085107,4.504787234042553,35.86702127659574
R00203,187,107729.13,576.0916042780749,4.511229946524065,36.1764705882353
R00056,183,107708.66,588.5719125683061,4.551912568306011,34.97267759562842
R00544,192,107694.94,560.9111458333333,4.4921875,35.015625
R00547,183,107664.85,588.3325136612023,4.522950819672132,34.12568306010929
R00181,196,107640.09,549.1841326530612,4.553571428571429,34.03061224489796
R00709,183,107533.83,587.6165573770492,4.494535519125683,35.759562841530055
R00693,182,107418.96,590.214065934066,4.584615384615384,34.494505494505496
R00503,180,107407.69,596.709388888889,4.542777777777778,35.233333333333334
R00380,182,107328.54000000001,589.7172527472528,4.485164835164835,35.64835164835165
R00073,194,107292.33,553.0532474226804,4.524742268041237,34.03092783505155
R00452,179,107283.27,599.3478770949721,4.4893854748603355,35.055865921787706
R00363,186,107249.96,576.612688172043,4.533870967741935,33.74731182795699
R00912,178,107237.23,602.4563483146068,4.537640449438203,34.36516853932584
R00749,179,107210.59,598.9418435754189,4.512849162011173,34.83798882681564
R00137,184,107196.8,582.591304347826,4.539130434782609,33.95108695652174
R00089,180,107120.67,595.1148333333333,4.518888888888889,34.65
R00717,182,107103.39,588.4801648351648,4.495054945054945,36.48351648351648
R00442,189,107084.13,566.5826984126984,4.511640211640212,34.55555555555556
R00595,180,107052.02,594.7334444444444,4.541111111111111,34.577777777777776
R00554,190,106996.96,563.1418947368421,4.576315789473684,33.93157894736842
R00420,177,106912.2,604.0237288135593,4.516949152542373,34.344632768361585
R00682,184,106869.52,580.8126086956522,4.5423913043478255,34.04347826086956
R00291,189,106827.67,565.2257671957672,4.591534391534391,33.835978835978835
R00629,187,106808.81,571.1701069518716,4.49572192513369,36.24064171122995
R00679,184,106782.72,580.3408695652174,4.540760869565218,34.02173913043478
R00891,188,106781.76,567.988085106383,4.544148936170212,34.90425531914894
R00411,188,106758.45,567.8640957446809,4.5393617021276595,33.851063829787236
R00552,190,106752.28,561.8541052631579,4.542631578947368,34.32631578947368
R00947,182,106630.72,585.8830769230769,4.53021978021978,33.989010989010985
R00835,190,106610.08,561.1056842105263,4.545263157894737,35.45789473684211
R00796,174,106590.3,612.5879310344827,4.5425287356321835,34.61494252873563
R00210,178,106506.4,598.3505617977528,4.476966292134831,35.842696629213485
R00555,178,106430.48,597.9240449438201,4.532584269662921,35.12921348314607
R00022,169,106425.44,629.7363313609468,4.497041420118343,34.875739644970416
R00060,187,106424.51,569.1150267379679,4.483422459893048,34.50802139037433
R00354,181,106362.17,587.6362983425414,4.52817679558011,35.22099447513812
R00763,185,106309.22,574.6444324324325,4.524864864864865,34.513513513513516
R00130,190,106298.28,559.4646315789473,4.557368421052631,34.126315789473686
R00122,184,106275.32,577.5832608695653,4.535869565217391,34.56521739130435
R00974,190,106227.16,559.0903157894737,4.49578947368421,35.16315789473684
R00576,195,106192.2,544.5753846153846,4.557948717948718,34.47179487179487
R00386,184,106143.21,576.8652717391304,4.544021739130435,34.97826086956522
R00168,186,106118.38,570.5289247311828,4.490860215053763,34.844086021505376
R00263,171,106031.51,620.0673099415204,4.5508771929824565,35.40350877192982
R00486,193,106017.65,549.3142487046632,4.498963730569948,34.932642487046635
R00329,176,105916.1,601.7960227272728,4.522159090909091,35.72727272727273
R00381,173,105889.74,612.0794219653179,4.420231213872833,36.75722543352601
R00774,192,105859.94,551.3538541666667,4.5093749999999995,34.34375
R00109,192,105851.97,551.31234375,4.533333333333333,35.098958333333336
R00689,185,105843.6,572.1275675675676,4.503783783783784,35.33513513513513
R00748,186,105763.65,568.6217741935484,4.518817204301075,34.973118279569896
R00870,179,105731.84,590.6806703910614,4.515642458100558,34.81005586592179
R00793,180,105729.92,587.3884444444444,4.522777777777778,36.3
R00141,176,105671.42,600.4057954545455,4.519318181818182,33.82954545454545
R00768,189,105664.53,559.0715873015873,4.507407407407407,35.142857142857146
R00857,182,105622.03,580.3408241758242,4.556043956043957,33.80769230769231
R00446,179,105618.52,590.0475977653632,4.494413407821229,34.927374301675975
R00731,183,105593.97,577.0162295081967,4.4852459016393444,35.759562841530055
R00104,176,105572.7,599.8448863636363,4.5227272727272725,35.375
R00541,181,105559.06,583.199226519337,4.483425414364641,34.87292817679558
R00625,182,105521.23,579.786978021978,4.526923076923077,34.79120879120879
R00053,191,105520.02,552.4608376963351,4.502094240837696,34.167539267015705
R00441,185,105404.0,569.7513513513513,4.488648648648648,35.94054054054054
R00460,166,105340.39,634.5806626506024,4.506626506024096,35.83132530120482
R00173,168,105321.98,626.9165476190476,4.553571428571429,33.154761904761905
R00685,190,105321.66,554.3245263157895,4.527894736842105,33.95789473684211
R00875,177,105290.64,594.8623728813559,4.513559322033898,34.76271186440678
R00943,179,105268.87,588.0942458100559,4.5597765363128495,33.245810055865924
R00819,177,105264.36,594.7138983050847,4.510169491525423,34.75141242937853
R00798,165,105205.93000000001,637.611696969697,4.541212121212121,34.39393939393939
R00253,180,105172.93,584.2940555555555,4.480555555555555,36.06111111111111
R00899,189,105134.91,556.2693650793651,4.534920634920635,33.74603174603175
R00785,179,105101.76,587.1606703910614,4.539106145251397,34.53631284916201
R00323,175,105007.11,600.0406285714286,4.5040000000000004,35.142857142857146
R00808,193,105000.65,544.0448186528497,4.492227979274611,35.35751295336787
R00833,181,104974.29000000001,579.968453038674,4.496685082872928,35.353591160220994
R00373,177,104881.68,592.5518644067796,4.53728813559322,35.016949152542374
R00832,163,104856.08,643.2888343558283,4.523926380368098,35.895705521472394
R00539,181,104819.75,579.1146408839779,4.5044198895027625,35.110497237569064
R00361,178,104810.33,588.8220786516854,4.564044943820225,34.51123595505618
R00695,187,104794.31,560.3973796791444,4.482887700534759,35.705882352941174
R00535,191,104757.12,548.4665968586387,4.551832460732984,35.42931937172775
R00903,193,104733.59,542.6610880829015,4.524870466321243,34.83937823834197
R00502,174,104726.99,601.8792528735632,4.499425287356321,34.44827586206897
R00952,178,104691.15,588.1525280898876,4.534269662921348,34.57865168539326
R00385,201,104665.72,520.7249751243781,4.516417910447761,36.33830845771144
R00672,166,104665.03,630.5122289156626,4.513253012048193,35.21686746987952
R00251,192,104634.14,544.9694791666667,4.535416666666666,34.526041666666664
R00416,176,104553.74,594.0553409090909,4.5125,35.34090909090909
R00907,184,104552.52,568.2202173913043,4.5456521739130435,33.891304347826086
R00811,175,104528.74,597.3070857142858,4.551428571428572,34.86857142857143
R00377,190,104463.11,549.8058421052632,4.549473684210526,33.78947368421053
R00182,180,104426.66,580.1481111111111,4.53,35.0
R00881,182,104418.32,573.727032967033,4.533516483516483,33.73076923076923
R00220,176,104336.84,592.8229545454545,4.505681818181818,35.25568181818182
R00920,177,104312.83,589.3380225988701,4.553672316384181,33.22598870056497
R00904,173,104310.36,602.9500578034682,4.4959537572254336,34.84393063583815
R00480,189,104302.33,551.8641798941799,4.519047619047619,35.10582010582011
R00004,188,104281.74,554.6901063829788,4.550531914893617,34.41489361702128
R00935,190,104272.71,548.8037368421053,4.491052631578947,35.44736842105263
R00167,199,104206.67,523.651608040201,4.506532663316583,36.20100502512563
R00536,163,104068.25,638.4555214723927,4.524539877300613,34.80368098159509
R00509,178,104058.06,584.5958426966292,4.493820224719101,35.264044943820224
R00696,179,104009.71,581.0598324022346,4.5307262569832405,34.66480446927374
R00412,177,103990.89,587.5191525423729,4.484180790960452,36.06214689265537
R00815,168,103980.31,618.9304166666667,4.482142857142857,35.17857142857143
R00320,172,103912.19,604.1406395348837,4.566860465116279,33.2906976744186
R00669,174,103898.47,597.1176436781609,4.5137931034482754,33.54022988505747
R00422,185,103834.18000000001,561.2658378378379,4.545405405405405,33.64324324324324
R00805,180,103786.73,576.5929444444445,4.597777777777778,33.666666666666664
R00872,181,103651.11,572.6580662983425,4.532596685082873,34.75690607734806
R00719,172,103634.96,602.5288372093023,4.5436046511627906,35.145348837209305
R00712,191,103592.93,542.3713612565444,4.510994764397906,34.455497382198956
R00867,179,103413.76,577.7305027932961,4.533519553072626,33.82122905027933
R00845,181,103405.13,571.2990607734807,4.524861878453039,35.94475138121547
R00115,198,103323.75,521.8371212121212,4.509595959595959,34.803030303030305
R00096,175,103313.33,590.3618857142857,4.532,34.754285714285714
R00094,178,103272.2,580.1808988764045,4.5297752808988765,35.48876404494382
R00076,179,103234.99,576.7317877094972,4.560335195530726,34.46368715083799
R00484,183,103148.83,563.6548087431694,4.502732240437158,35.69945355191257
R00934,172,103123.85,599.5572674418605,4.561046511627907,33.854651162790695
R00736,189,103120.67,545.6120105820106,4.558201058201059,34.29100529100529
R00224,177,103058.34,582.2505084745762,4.501694915254237,36.378531073446325
R00526,184,103051.77,560.0639673913043,4.539130434782609,34.83152173913044
R00843,183,102945.17,562.541912568306,4.5136612021857925,35.49180327868852
R00616,183,102927.31,562.4443169398907,4.508743169398907,34.60655737704918
R00236,185,102901.82,556.2260540540541,4.532432432432432,34.33513513513513
R00810,178,102879.15,577.9727528089887,4.492134831460675,35.76966292134831
R00011,173,102878.05,594.670809248555,4.502890173410405,34.5606936416185
R00563,175,102869.81,587.8274857142857,4.476571428571429,36.26285714285714
R00131,170,102781.67,604.5980588235294,4.504705882352941,34.911764705882355
R00214,184,102746.25,558.4035326086956,4.506521739130435,36.53260869565217
R00016,180,102640.27,570.2237222222222,4.474444444444444,35.577777777777776
R00648,175,102618.09,586.3890857142857,4.546857142857143,33.84571428571429
R00901,181,102506.79000000001,566.3358563535912,4.558563535911603,33.972375690607734
R00877,179,102260.78,571.2892737430168,4.459776536312849,35.52513966480447
R00001,174,102219.49,587.4683333333334,4.541379310344828,34.14942528735632
R00726,178,102217.4,574.2550561797752,4.557303370786517,34.58426966292135
R00443,174,102195.57,587.3308620689655,4.559770114942529,33.85057471264368
R00472,185,102072.73,551.7444864864865,4.461621621621622,35.49189189189189
R00339,181,102010.72,563.5951381215469,4.535359116022099,33.9060773480663
R00775,178,102005.93000000001,573.0670224719101,4.525842696629214,34.96067415730337
R00980,196,101951.37,520.1600510204081,4.520918367346939,35.173469387755105
R00332,176,101948.63,579.2535795454546,4.5443181818181815,33.95454545454545
R00401,187,101913.51,544.9920320855615,4.491978609625669,34.4331550802139
R00178,184,101843.93000000001,553.4996195652175,4.508695652173913,34.29891304347826
R00758,165,101778.41,616.8388484848485,4.49030303030303,35.99393939393939
R00200,175,101773.77,581.5644,4.554857142857143,34.44
R00389,173,101758.62,588.2001156069364,4.542196531791907,35.213872832369944
R00222,190,101741.36,535.4808421052632,4.512631578947368,35.8
R00754,165,101548.62,615.4461818181818,4.512121212121212,34.92121212121212
R00895,175,101495.84,579.9762285714286,4.523428571428571,35.36571428571428
R00448,177,101491.72,573.3995480225989,4.47457627118644,36.005649717514125
R00382,182,101485.56999999999,557.613021978022,4.524175824175824,34.379120879120876
R00965,177,101392.69,572.8400564971752,4.538983050847458,34.93785310734463
R00514,182,101192.04,556.0002197802197,4.554395604395604,33.824175824175825
R00334,181,101169.78,558.9490607734807,4.475690607734807,35.76243093922652
R00578,165,101158.52,613.0819393939394,4.536363636363636,34.527272727272724
R00852,178,101139.25,568.1980337078652,4.495505617977528,35.853932584269664
R00513,164,101051.19,616.1657926829268,4.537195121951219,34.3109756097561
R00260,176,100970.36,573.6952272727273,4.561931818181818,33.6875
R00699,174,100762.86,579.0968965517242,4.501724137931034,35.770114942528735
R00564,182,100635.46,552.9420879120879,4.487362637362637,34.043956043956044
R00132,179,100563.43000000001,561.8068715083799,4.559217877094972,33.70391061452514
R00375,185,100387.09,542.6329189189189,4.54,33.8054054054054
R00157,183,100353.03,548.3772131147541,4.555191256830601,33.83606557377049
R00247,183,100220.49,547.6529508196721,4.50655737704918,35.22950819672131
R00681,191,100188.08,524.5449214659686,4.552879581151832,35.73298429319372
R00894,169,100109.83,592.3658579881657,4.504733727810651,35.44378698224852
R00674,177,100033.71,565.1622033898306,4.541242937853107,33.84180790960452
R00902,185,99966.76,540.3608648648649,4.522702702702703,35.71891891891892
R00299,170,99806.13,587.0948823529412,4.567058823529412,34.12352941176471
R00915,170,99792.87,587.0168823529411,4.547058823529412,34.241176470588236
R00255,178,99735.54,560.31202247191,4.541011235955056,34.938202247191015
R00713,182,99643.63,547.4924725274725,4.545604395604395,34.31318681318681
R00746,170,99626.22,586.0365882352942,4.50764705882353,35.68235294117647
R00884,181,99328.33,548.7753038674033,4.532596685082873,34.56353591160221
R00722,172,99196.14,576.7217441860465,4.4819767441860465,36.27906976744186
R00944,184,99132.65,538.764402173913,4.5630434782608695,34.09239130434783
R00048,176,98983.9,562.4085227272727,4.4386363636363635,35.375
R00662,173,98957.86,572.0107514450867,4.501156069364162,35.14450867052023
R00658,165,98885.6,599.3066666666667,4.527272727272727,35.654545454545456
R00865,158,98641.41,624.3127215189874,4.563924050632911,34.575949367088604
R00545,166,98530.49,593.5571686746988,4.495180722891567,35.933734939759034
R00694,164,98445.53,600.2776219512195,4.485365853658537,35.46951219512195
R00102,172,98422.15,572.2218023255814,4.573837209302326,33.21511627906977
R00036,171,98413.57,575.5179532163743,4.542105263157895,32.32748538011696
R00316,174,98287.39,564.8700574712643,4.5505747126436775,34.3448275862069
R00278,171,98278.45,574.7277777777778,4.490643274853801,34.941520467836256
R00078,180,98149.18,545.2732222222222,4.481111111111111,35.416666666666664
R00721,175,98120.8,560.6902857142858,4.521142857142857,34.857142857142854
R00189,166,98104.5,590.9909638554217,4.481325301204819,35.265060240963855
R00140,169,98076.78,580.3359763313609,4.55207100591716,34.10059171597633
R00461,171,97784.02,571.8363742690059,4.554970760233918,33.666666666666664
R00279,172,97516.87,566.9585465116279,4.5180232558139535,34.383720930232556
R00223,167,97387.86,583.1608383233533,4.502395209580838,35.88622754491018
R00530,164,97221.7,592.815243902439,4.510365853658537,35.1890243902439
R00126,169,96941.54,573.6185798816567,4.538461538461538,34.366863905325445
R00781,173,96441.04,557.4626589595375,4.536416184971098,34.41618497109827
R00195,168,96224.64,572.7657142857142,4.455357142857143,35.67857142857143
R00017,170,95896.05,564.0944117647059,4.500588235294118,35.21764705882353
R00949,168,95781.51,570.1280357142857,4.5077380952380945,34.875
R00119,169,95639.12,565.9119526627219,4.4698224852071,36.23076923076923
R00540,169,95523.33,565.2268047337278,4.540236686390532,35.112426035502956
R00110,176,95436.99,542.255625,4.528977272727273,35.20454545454545
R00716,165,95357.1,577.9218181818183,4.5212121212121215,35.10909090909091
R00450,154,95193.91,618.1422727272727,4.500649350649351,35.857142857142854
R00352,165,95040.61,576.003696969697,4.48,35.448484848484846
R00114,179,94622.78,528.6188826815643,4.5374301675977655,35.229050279329606
R00038,173,94610.85,546.8835260115608,4.482080924855492,34.76300578034682
R00919,164,94534.48,576.4297560975609,4.521341463414634,34.91463414634146
R00370,162,94383.06,582.6114814814815,4.535185185185186,33.129629629629626
R00444,167,94372.05,565.1020958083833,4.553892215568863,33.724550898203596
R00095,166,94139.31999999999,567.1043373493975,4.536144578313253,34.36746987951807
R00423,159,94081.37,591.7067295597484,4.463522012578617,34.60377358490566
R00055,163,93966.19,576.4796932515337,4.501226993865031,34.0920245398773
R00111,170,93771.19,551.5952352941176,4.501764705882353,36.38235294117647
R00928,175,93579.8,534.7417142857144,4.549714285714286,33.988571428571426
R00293,183,93571.06,511.3172677595628,4.492896174863389,35.68852459016394
R00936,157,93365.57,594.6851592356688,4.528025477707006,34.7515923566879
R00196,177,93160.04,526.3279096045197,4.496045197740113,35.55367231638418
R00800,167,93078.81,557.3581437125748,4.5802395209580835,33.58083832335329
R00268,169,92852.19,549.4212426035504,4.487573964497042,34.76923076923077
R00820,163,92521.87,567.6188343558282,4.489570552147239,35.11042944785276
R00368,158,92176.79,583.3974050632911,4.50126582278481,34.31645569620253
R00062,154,92082.83,597.9404545454546,4.535714285714286,33.467532467532465
R00171,162,91880.9,567.166049382716,4.587654320987655,33.74691358024691
R00300,165,91604.05,555.1760606060607,4.504242424242425,36.339393939393936
R00971,172,91490.94,531.9240697674419,4.451744186046512,34.7906976744186
R00583,165,90748.97,549.9937575757576,4.461212121212121,36.448484848484846
